id;naci;wkt
;SADF;POINT(354551.720698937 6186810.05960172)
